variable,drug,replicate
35.438008083632,Drug,180807
47.10387674495999,Drug,180807
24.4135946544,Drug,180807
7.716610702527999,Drug,180807
38.219243082496,Drug,180807
31.670655339904,Drug,180807
22.484441978768,Drug,180807
44.887505308688,Drug,180807
20.330301273968,Drug,180807
53.001435296768,Drug,180807
22.508376875488,Drug,180807
13.590234357616,Drug,180807
31.057921983872,Drug,180807
50.1436086284,Drug,180807
44.212541221184,Drug,180807
14.054571353984,Drug,180807
49.655336735312005,Drug,180807
41.603637478704,Drug,180807
35.816179451808,Drug,180807
47.573000720672,Drug,180807
7.223551830096,Drug,180807
43.078027116656,Drug,180807
53.116322801024,Drug,180807
16.136907368624,Drug,180807
9.612254522752,Drug,180807
9.78937275848,Drug,180807
32.848252258528,Drug,180807
11.349928024624,Drug,180807
38.257538917248,Drug,180807
54.729534839952,Drug,180807
40.129247840752,Drug,180807
40.995691102016,Drug,180807
33.719482499136,Drug,180807
27.391095806368,Drug,180807
16.0363808024,Drug,180807
42.067974475072,Drug,180807
40.703685362032,Drug,180807
17.955959519344002,Drug,180807
13.231210906816,Drug,180807
6.132120539664,Drug,180807
12.776447869136,Drug,180807
33.058879349664004,Drug,180807
10.220200899439998,Drug,180807
11.072283222672,Drug,180807
16.342747480416,Drug,180807
40.25849628304,Drug,180807
19.061751747808,Drug,180807
23.149832107584,Drug,180807
40.698898382688,Drug,180807
40.320727014512,Drug,180807
28.324556778448,Drug,180807
48.975585668464,Drug,180807
32.987074659504,Drug,180807
54.174245236048,Drug,180807
18.88463351208,Drug,180807
12.546672860624,Drug,180807
20.24892262512,Drug,180807
14.222115631024,Drug,180807
27.994255203712,Drug,180807
22.412637288608,Drug,180807
27.59693591816,Drug,180807
52.556246217776,Drug,180807
34.739109099408005,Drug,180807
47.204403311184,Drug,180807
26.73527963624,Drug,180807
36.869314907488,Drug,180807
30.268070392112,Drug,180807
7.209190892064,Drug,180807
16.0363808024,Drug,180807
15.236955251952,Drug,180807
22.819530532848,Drug,180807
46.285303277136,Drug,180807
19.109621541248,Drug,180807
22.326471660416,Drug,180807
34.51412107024,Drug,180807
50.368596657568,Drug,180807
47.276208001344,Drug,180807
13.470559874016,Drug,180807
11.87170877312,Drug,180807
5.031115290544,Drug,180807
49.334609119264,Drug,180807
7.611297156960001,Drug,180807
16.807084476784,Drug,180807
46.438486616144,Drug,180807
14.207754692992,Drug,180807
50.24413519462401,Drug,180807
24.475825385872003,Drug,180807
13.776926552032002,Drug,180807
6.931546090112,Drug,180807
37.429391490736,Drug,180807
35.80660549312,Drug,180807
6.601244515376,Drug,180807
21.728099242416,Drug,180807
24.60507382816,Drug,180807
13.700334882528,Drug,180807
6.831019523888,Drug,180807
37.98468109464,Drug,180807
6.596457536031999,Drug,180807
22.034465920432,Drug,180807
51.632359204384,Drug,180807
9.746289944384,Drug,180807
10.761129565311997,Drug,180807
23.437050868224,Drug,180807
22.139779466,Drug,180807
51.522258679472,Drug,180807
5.323121030528,Drug,180807
9.439923266368,Drug,180807
14.69602658608,Drug,180807
9.66969827488,Drug,180807
35.189085157744,Drug,180807
13.920535932352,Drug,180807
25.653422304496,Drug,180807
26.165629094304,Drug,180807
29.540449531824,Drug,180807
6.218286167855999,Drug,180807
49.487792458272,Drug,180807
20.794638270336,Drug,180807
53.346097809536,Drug,180807
40.04308221256,Drug,180807
22.465294061392,Drug,180807
6.280516899328001,Drug,180807
30.143608929168,Drug,180807
27.400669765056,Drug,180807
35.323120579376,Drug,180807
18.3101959908,Drug,180807
33.135471019168,Drug,180807
9.444710245712,Drug,180807
35.002392963328,Drug,180807
14.50454741232,Drug,180807
28.429870324016,Drug,180807
38.037337867424,Drug,180807
45.557682416848,Drug,180807
46.76878819088,Drug,180807
29.468644841664,Drug,180807
7.089516408464,Drug,180807
6.945907028143999,Drug,180807
53.54236396264,Drug,180807
21.890856540112,Drug,180807
30.54092821472,Drug,180807
11.483963446256,Drug,180807
5.7443752128,Drug,180807
33.07802726704001,Drug,180807
7.659166950399999,Drug,180807
21.905217478144003,Drug,180807
53.896600434096,Drug,180807
22.388702391888,Drug,180807
30.488271441936003,Drug,180807
19.406414260576,Drug,180807
34.672091388592,Drug,180807
32.953565804095994,Drug,180807
13.867879159568,Drug,180807
43.910961522512,Drug,180807
29.138343266928,Drug,180807
24.777405084544,Drug,180807
22.95356595448,Drug,180807
32.154140253648,Drug,180807
31.373862620576,Drug,180807
14.925801594592,Drug,180807
35.49545183576,Drug,180807
43.33652400123201,Drug,180807
12.288175976048,Drug,180807
28.487314076144,Drug,180807
25.390138440576,Drug,180807
40.01914731584,Drug,180807
29.928194858688,Drug,180807
7.836285186128,Drug,180807
27.975107286336,Drug,180807
34.212541371568,Drug,180807
9.8133076552,Drug,180807
17.869793891152,Drug,180807
7.051220573712,Drug,180807
36.409764890464,Drug,180807
42.67592085176,Drug,180807
12.020105132784,Drug,180807
16.596457385648,Drug,180807
16.328386542384,Drug,180807
22.575394586304,Drug,180807
36.184776861296,Drug,180807
42.522737512752,Drug,180807
11.981809298032,Drug,180807
16.687409993183998,Drug,180807
16.141694347968,Drug,180807
22.637625317776,Drug,180807
6.251795023264,Drug,180807
29.707993808864003,Drug,180807
29.640976098048,Drug,180807
44.954523019504,Drug,180807
19.152704355344,Drug,180807
31.895643369072,Drug,180807
10.067017560432,Drug,180807
28.669219291216,Drug,180807
28.966012010544,Drug,180807
19.69842000056,Drug,180807
12.73336505504,Drug,180807
16.261368831568,Drug,180807
41.972234888192,Drug,180807
31.010052190432,Drug,180807
40.406892642704,Drug,180807
40.167543675504,Drug,180807
20.181904914304,Drug,180807
23.274293570528,Drug,180807
20.397318984784,Drug,180807
39.463857711936,Drug,180807
17.003350629888,Drug,180807
50.205839359872,Drug,180807
26.132120238896,Drug,180807
49.588319024496,Drug,180807
19.090473623872,Drug,180807
45.36141626374401,Drug,180807
10.74676862728,Drug,180807
24.375298819648,Drug,180807
23.79128733968,Drug,180807
29.889899023936,Drug,180807
17.20919074168,Drug,180807
20.172330955616,Drug,180807
26.093824404144,Drug,180807
6.577309618656,Drug,180807
17.673527738048,Drug,180807
12.044040029504002,Drug,180807
36.012445604912,Drug,180807
14.772618255584,Drug,180807
43.197701600256,Drug,180807
13.829583324816,Drug,180807
41.077069750864,Drug,180807
23.140258148896,Drug,180807
19.79415958744,Drug,180807
33.092388205072,Drug,180807
9.779798799792,Drug,180807
32.331258489376005,Drug,180807
42.355193235712,Drug,180807
28.678793249904,Drug,180807
11.2494014584,Drug,180807
31.25897511632,Drug,180807
16.156055285999994,Drug,180807
15.117280768352,Drug,180807
13.906174994320002,Drug,180807
29.827668292464,Drug,180807
30.186691743264,Drug,180807
37.161320647472,Drug,180807
27.855432802736,Drug,180807
18.688367358976,Drug,180807
15.682144330944,Drug,180807
9.329822741456,Drug,180807
11.87170877312,Drug,180807
52.312110271232,Drug,180807
32.115844418896,Drug,180807
15.045476078192,Drug,180807
21.239827349328,Drug,180807
26.864528078528,Drug,180807
18.769746007824,Drug,180807
10.301579548288,Drug,180807
10.512206639424,Drug,180807
26.347534309376,Drug,180807
40.823359845632,Drug,180807
25.744374912032,Drug,180807
25.931067106448,Drug,180807
14.796553152304002,Drug,180807
30.94782145896,Drug,180807
6.424126279648,Drug,180807
7.357587251728,Drug,180807
11.99138325672,Drug,180807
7.300143499600001,Drug,180807
48.726662742576,Drug,180807
14.763044296896,Drug,180807
36.002871646224,Drug,180807
14.284346362496,Drug,180807
11.96744836,Drug,180807
24.585925910784,Drug,180807
7.893728938256,Drug,180807
39.368118125056,Drug,180807
16.294877686975994,Drug,180807
18.171373589824,Drug,180807
15.476304219152,Drug,180807
16.510291757456,Drug,180807
15.53374797128,Drug,180807
23.36045919872,Drug,180807
25.61991344908801,Drug,180807
25.911919189072,Drug,180807
13.887027076944,Drug,180807
38.520822781168,Drug,180807
51.86692119224,Drug,180807
10.45954986664,Drug,180807
12.723791096352,Drug,180807
32.838678299840005,Drug,180807
27.611296856192,Drug,180807
16.764001662688,Drug,180807
10.071804539776,Drug,180807
17.61608398592,Drug,180807
10.220200899439998,Drug,180807
13.106749443872,Drug,180807
10.33987538304,Drug,180807
21.957874250928,Drug,180807
12.345619728176,Drug,180807
12.934418187488,Drug,180807
26.85495411984,Drug,180807
14.341790114624,Drug,180807
23.5758732692,Drug,180807
21.153661721136,Drug,180807
10.033508705024,Drug,180807
13.341311431728,Drug,180807
40.919099432512,Drug,180807
14.681665648048,Drug,180807
30.129247991136,Drug,180807
16.242220914192,Drug,180807
8.702728447392,Drug,180807
27.778841133232003,Drug,180807
22.963139913168,Drug,180807
15.41407348768,Drug,180807
36.898036783552,Drug,180807
21.153661721136,Drug,180807
25.294398853696,Drug,180807
16.615605303024,Drug,180807
16.376256335824,Drug,180807
42.249879690144,Drug,180807
47.410243422976,Drug,180807
8.937290435248,Drug,180807
6.792723689135999,Drug,180807
9.918621200768,Drug,180807
46.136906917472,Drug,180807
23.31258940528,Drug,180807
31.369075641232,Drug,180807
38.195308185776,Drug,180807
16.94590687776,Drug,180807
17.443752729535998,Drug,180807
10.545715494832,Drug,180807
16.644327179088,Drug,180807
9.52608889456,Drug,180807
12.537098901936,Drug,180807
17.462900646912,Drug,180807
10.550502474176,Drug,180807
33.958831466336,Control,180807
40.9286733912,Control,180807
33.977979383712004,Control,180807
25.41886031664,Control,180807
50.952608137536,Control,180807
27.300143198832,Control,180807
43.245571393696,Control,180807
36.084250295072,Control,180807
31.723312112688,Control,180807
42.618477099632,Control,180807
35.576830484608,Control,180807
25.892771271696,Control,180807
18.535184019968,Control,180807
32.98228768016,Control,180807
25.849688457600003,Control,180807
26.577309317888,Control,180807
38.817615500496,Control,180807
23.551938372479995,Control,180807
27.711823422416,Control,180807
46.14648087616,Control,180807
25.653422304496,Control,180807
49.463857561552,Control,180807
35.978936749504,Control,180807
30.01436048688,Control,180807
24.217328501296,Control,180807
18.377213701616,Control,180807
45.280037614896,Control,180807
46.208711607632,Control,180807
37.5777878504,Control,180807
51.828625357488,Control,180807
54.485398893408,Control,180807
17.635231903296003,Control,180807
53.666825425584,Control,180807
40.536141084992,Control,180807
36.673048754384,Control,180807
50.004786227424,Control,180807
17.170894906928,Control,180807
10.406893093856,Control,180807
54.538055666192,Control,180807
35.562469546576,Control,180807
30.382957896368,Control,180807
22.350406557136,Control,180807
10.105313395184,Control,180807
44.1598844484,Control,180807
19.846816360224,Control,180807
37.568213891712,Control,180807
32.426998076256,Control,180807
22.824317512192,Control,180807
45.28482459424,Control,180807
33.484920511279995,Control,180807
53.87745251672,Control,180807
31.842986596288,Control,180807
33.24557154408,Control,180807
37.50598316024,Control,180807
28.396361468608,Control,180807
45.557682416848,Control,180807
24.360937881616,Control,180807
38.817615500496,Control,180807
23.370033157408,Control,180807
45.265676676864,Control,180807
25.543321779584,Control,180807
29.315461502656003,Control,180807
36.385829993744,Control,180807
28.57826668368,Control,180807
26.390617123472,Control,180807
24.447103509808,Control,180807
14.370511990688,Control,180807
31.40258449664,Control,180807
19.813307504816,Control,180807
46.567735058432,Control,180807
28.913355237759998,Control,180807
33.824796044704,Control,180807
48.846337226176,Control,180807
36.869314907488,Control,180807
36.251794572112,Control,180807
49.17185182156801,Control,180807
37.376734717952,Control,180807
37.24269929632,Control,180807
28.310195840416004,Control,180807
25.65820928384,Control,180807
33.690760623072,Control,180807
37.5777878504,Control,180807
25.385351461232,Control,180807
34.72953514072,Control,180807
52.900908730544,Control,180807
34.360937731232,Control,180807
31.986595976608,Control,180807
41.282909862656005,Control,180807
39.114408219824,Control,180807
33.235997585392,Control,180807
25.29918583304,Control,180807
24.308281108832,Control,180807
39.736715534544,Control,180807
35.347055476096,Control,180807
38.329343607408,Control,180807
34.863570562352,Control,180807
29.286739626592,Control,180807
29.305887543968,Control,180807
26.960267665408,Control,180807
41.26376194528,Control,180807
49.88032476448,Control,180807
39.08568634376,Control,180807
40.76112911416,Control,180807
44.269984973312,Control,180807
10.564863412208,Control,180807
50.124460711024,Control,180807
25.715653035968,Control,180807
37.807562858912,Control,180807
46.60124391384,Control,180807
31.029200107808,Control,180807
30.100526115072,Control,180807
40.25849628304,Control,180807
39.92340772896,Control,180807
30.603158946192003,Control,180807
22.695069069904,Control,180807
45.940640764368,Control,180807
35.217807033808,Control,180807
27.726184360448,Control,180807
54.638582232416,Control,180807
28.750597940064,Control,180807
29.521301614448,Control,180807
48.487313775376,Control,180807
41.062708812832,Control,180807
26.242220763808,Control,180807
35.739587782304,Control,180807
31.4743891868,Control,180807
41.230253089872,Control,180807
41.206318193152,Control,180807
41.469602057072,Control,180807
40.023934295184,Control,180807
37.663953478592,Control,180807
32.441359014288004,Control,180807
20.617520034608,Control,180807
36.218285716704,Control,180807
35.763522679024,Control,180807
36.156054985232,Control,180807
34.380085648607995,Control,180807
53.484920210512,Control,180807
31.436093352048,Control,180807
27.869793740768,Control,180807
32.848252258528,Control,180807
27.084729128352,Control,180807
45.725226693888,Control,180807
49.243656511728,Control,180807
42.19722291736,Control,180807
47.826710625904,Control,180807
53.719482198368,Control,180807
34.432742421392,Control,180807
34.384872627952,Control,180807
45.131641255232,Control,180807
40.459549415488,Control,180807
29.48779275904,Control,180807
21.148874741792,Control,180807
32.24030588184,Control,180807
20.765916394272,Control,180807
40.584010878432,Control,180807
31.493537104176003,Control,180807
48.08520751048,Control,180807
28.640497415152,Control,180807
25.9693629412,Control,180807
23.944470678688003,Control,180807
20.20105283168,Control,180807
48.16658615932801,Control,180807
33.65246478832,Control,180807
20.670176807392,Control,180807
24.289133191456,Control,180807
33.331737172272,Control,180807
28.295834902384,Control,180807
33.212062688672,Control,180807
20.670176807392,Control,180807
36.610818022912,Control,180807
35.75873569968,Control,180807
31.598850649744,Control,180807
36.247007592768,Control,180807
39.92340772896,Control,180807
39.918620749616,Control,180807
45.21301990408,Control,180807
36.022019563600004,Control,180807
28.348491675168,Control,180807
37.204403461568,Control,180807
27.702249463728,Control,180807
33.566299160128004,Control,180807
27.510770289968,Control,180807
24.207754542608,Control,180807
47.563426761984,Control,180807
32.292962654624,Control,180807
32.709429857552,Control,180807
32.369554324128,Control,180807
36.35710811768,Control,180807
22.637625317776,Control,180807
25.169937390752,Control,180807
22.42699822664,Control,180807
24.24605037736,Control,180807
28.707515125968,Control,180807
29.334609420032,Control,180807
24.62900872488,Control,180807
49.013881503216,Control,180807
31.325992827136,Control,180807
40.387744725328005,Control,180807
23.331737322656004,Control,180807
32.278601716592,Control,180807
30.234561536704,Control,180807
30.698898533072,Control,180807
49.597892983184,Control,180807
40.483484312208,Control,180807
43.82479589432001,Control,180807
25.978936899888,Control,180807
30.914312603552,Control,180807
45.026327709664,Control,180807
18.841550697984,Control,180807
47.003350178736,Control,180807
49.085686193376,Control,180807
39.813307204048,Control,180807
48.640497114384,Control,180807
35.174724219712,Control,180807
25.902345230384,Control,180807
13.42747705992,Control,180807
29.928194858688,Control,180807
28.291047923040004,Control,180807
54.652943170448,Control,180807
30.48348446259201,Control,180807
22.824317512192,Control,180807
29.004307845296,Control,180807
35.959788832128,Control,180807
39.34897020768,Control,180807
50.248922173968,Control,180807
36.208711758016,Control,180807
26.347534309376,Control,180807
45.347055325712006,Control,180807
33.432263738496,Control,180807
27.108664025072,Control,180807
33.690760623072,Control,180807
45.926279826336,Control,180807
32.95835278344001,Control,180807
18.913355388144,Control,180807
41.522258829856,Control,180807
24.944949361584,Control,180807
32.809956423776,Control,180807
51.73288577060799,Control,180807
48.712301804544,Control,180807
9.195787319824,Control,180807
38.358065483472,Control,180807
22.465294061392,Control,180807
37.692675354656,Control,180807
15.490665157184,Control,180807
26.022019713984,Control,180807
35.481090897728,Control,180807
23.451411806256,Control,180807
19.784585628752,Control,180807
33.513642387344,Control,180807
44.964096978192,Control,180807
37.38630867664,Control,180807
36.457634683904,Control,180807
25.935854085792,Control,180807
40.368596807952,Control,180807
40.8089989076,Control,180807
18.946864243552,Control,180807
41.7663947764,Control,180807
36.926758659616,Control,180807
33.312589254896004,Control,180807
40.095738985344,Control,180807
40.023934295184,Control,180807
37.788414941536,Control,180807
8.47295343888,Control,180807
34.542842946304,Control,180807
24.6529436216,Control,180807
53.08760092495999,Control,180807
44.356150601504,Control,180807
36.768788341264,Control,180807
27.324078095552,Control,180807
35.409286207568,Control,180807
34.044997094528,Control,180807
25.461943130736,Control,180807
29.875538085904,Control,180807
35.241741930528,Control,180807
33.944470528304,Control,180807
18.606988710128,Control,180807
42.872187004864,Control,180807
36.151268005888,Control,180807
47.204403311184,Control,180807
25.476304068768,Control,180807
26.682622863456,Control,180807
31.752033988752,Control,180807
33.84394396,Control,190703
12.4222114,Control,190703
30.80899906,Control,190703
39.35854417,Control,190703
17.83149806,Control,190703
32.38391526,Control,190703
10.36381028,Control,190703
33.84394396,Control,190703
8.841550847999999,Control,190703
46.19913765,Control,190703
8.889420642000001,Control,190703
26.22785983,Control,190703
45.36620324,Control,190703
48.19052106,Control,190703
47.68788822,Control,190703
41.55098071,Control,190703
12.38391556,Control,190703
36.47199562,Control,190703
8.985160229,Control,190703
6.462422114,Control,190703
50.28721801,Control,190703
28.93250316,Control,190703
29.24365681,Control,190703
11.46002855,Control,190703
17.20440376,Control,190703
9.789372758,Control,190703
21.67544247,Control,190703
25.2130202,Control,190703
32.69028194,Control,190703
8.788894076,Control,190703
12.18764941,Control,190703
15.8975584,Control,190703
10.01914777,Control,190703
6.4672090939999975,Control,190703
43.88223965,Control,190703
36.76400136,Control,190703
26.32838639,Control,190703
11.51268532,Control,190703
42.52273751,Control,190703
53.98276606,Control,190703
37.30493003,Control,190703
12.7237911,Control,190703
34.72474816,Control,190703
47.09908977,Control,190703
13.1402583,Control,190703
9.013882105,Control,190703
11.73288637,Control,190703
43.7769261,Control,190703
9.990425891,Control,190703
20.24413565,Control,190703
22.66634719,Control,190703
11.88128273,Control,190703
17.95117254,Control,190703
41.37864945,Control,190703
9.880325366,Control,190703
8.798468033999999,Control,190703
35.76352268,Control,190703
25.77309679,Control,190703
43.26950629,Control,190703
13.18334111,Control,190703
12.36955462,Control,190703
13.00622288,Control,190703
17.02249855,Control,190703
11.20631864,Control,190703
8.013403422,Control,190703
12.09190982,Control,190703
33.17855383,Control,190703
8.812828972,Control,190703
35.57683048,Control,190703
11.5653421,Control,190703
37.27620815,Control,190703
24.61943477,Control,190703
16.72091885,Control,190703
14.42795574,Control,190703
35.99808467,Control,190703
33.63810385,Control,190703
25.03590197,Control,190703
27.6017229,Control,190703
8.128290926,Control,190703
11.9339395,Control,190703
29.30588754,Control,190703
31.93872618,Control,190703
43.72426933,Control,190703
12.1445666,Control,190703
6.381043466,Control,190703
7.118238285,Control,190703
10.85686915,Control,190703
29.4542839,Control,190703
34.76783098,Control,190703
8.674006571,Control,190703
7.821924247999999,Control,190703
10.00957381,Control,190703
13.1641932,Control,190703
44.59071259,Control,190703
29.68884589,Control,190703
12.84825256,Control,190703
16.59167041,Control,190703
7.683101847,Control,190703
9.382479514,Control,190703
8.449018542000001,Control,190703
18.04212515,Control,190703
12.65198641,Control,190703
8.17137374,Control,190703
14.11680209,Control,190703
10.70368581,Control,190703
7.606510178,Control,190703
9.511727957,Control,190703
6.237434085,Control,190703
36.3140253,Control,190703
20.1388221,Control,190703
11.03877437,Control,190703
16.40019123,Control,190703
25.73480095,Control,190703
24.77261811,Control,190703
6.022020015,Control,190703
10.10052642,Control,190703
9.602680564,Control,190703
25.28961187,Control,190703
19.80852053,Control,190703
9.602680564,Control,190703
7.6352320539999985,Control,190703
14.853996900000002,Control,190703
21.73288622,Control,190703
31.89564337,Control,190703
25.09334572,Control,190703
23.76256546,Control,190703
9.99999985,Control,190703
13.49449477,Control,190703
9.880325366,Control,190703
7.9990424839999985,Control,190703
11.04834833,Control,190703
27.08472913,Control,190703
13.303015599999998,Control,190703
29.34418338,Control,190703
30.521780300000003,Control,190703
23.92053578,Control,190703
14.17424584,Control,190703
9.506940977,Control,190703
39.41598792,Control,190703
11.04834833,Control,190703
15.09813285,Control,190703
33.35088509,Control,190703
19.55002364,Control,190703
14.50933439,Control,190703
34.81091379,Control,190703
34.47103826,Control,190703
30.14839591,Control,190703
8.606988861,Control,190703
30.54092821,Control,190703
7.759693517,Control,190703
18.96122518,Control,190703
15.50023912,Control,190703
36.46242166,Control,190703
10.61273321,Control,190703
16.18956414,Control,190703
15.80660579,Control,190703
19.64576323,Control,190703
29.77501152,Control,190703
52.82431706,Control,190703
9.41598837,Control,190703
45.94542774,Control,190703
8.669219592000001,Control,190703
12.95835308,Control,190703
25.40449938,Control,190703
19.09047362,Control,190703
17.59693607,Control,190703
15.49545214,Control,190703
32.43178506,Control,190703
5.088559043,Control,190703
38.13786443,Control,190703
30.11967403,Control,190703
9.387266494,Control,190703
9.554810771,Control,190703
44.74389593,Control,190703
16.36668238,Control,190703
32.91048299,Control,190703
8.621349798999999,Control,190703
7.994255504,Control,190703
12.12541868,Control,190703
42.24509271,Control,190703
6.960267966,Control,190703
17.99425535,Control,190703
19.72714188,Control,190703
12.55624682,Control,190703
29.76065058,Control,190703
48.94686379,Control,190703
8.989947208,Control,190703
14.22211563,Control,190703
16.14169435,Control,190703
14.88271878,Control,190703
38.27668683,Control,190703
32.06318765,Control,190703
22.42699823,Control,190703
18.14743869,Control,190703
15.50981307,Control,190703
4.921014766,Control,190703
12.18764941,Control,190703
42.86261305,Control,190703
7.424604962999999,Control,190703
49.71278049,Control,190703
41.30684476,Control,190703
50.46433624,Control,190703
11.41694574,Control,190703
25.15078947,Control,190703
19.43034916,Control,190703
29.38247921,Control,190703
9.865964428,Control,190703
36.87888887,Control,190703
8.520823232,Control,190703
52.14456599,Control,190703
11.28769729,Control,190703
52.4222108,Control,190703
28.9229292,Control,190703
14.84920993,Control,190703
7.51555757,Control,190703
22.22115811,Control,190703
27.29535622,Control,190703
32.60411631,Control,190703
11.57491605,Control,190703
29.88032507,Control,190703
9.578745667,Control,190703
32.16371421,Control,190703
22.27860187,Control,190703
51.33556649,Control,190703
27.64480571,Control,190703
25.51938688,Control,190703
36.71134459,Control,190703
22.27860187,Control,190703
23.84873109,Control,190703
13.63810415,Control,190703
32.70942986,Control,190703
10.11967433,Control,190703
26.24222076,Control,190703
10.83772123,Control,190703
7.137386202,Control,190703
31.75203399,Control,190703
10.46433685,Control,190703
29.90904694,Control,190703
32.99186164,Control,190703
25.69650512,Control,190703
44.92101416,Control,190703
7.419817983,Control,190703
28.47774012,Control,190703
19.31067467,Control,190703
9.473432122,Control,190703
5.481091349,Control,190703
9.023456063,Control,190703
54.57156452,Control,190703
7.8123502889999985,Control,190703
52.52752434,Control,190703
11.30684521,Control,190703
53.49449417,Control,190703
28.59262762,Control,190703
25.86883637,Control,190703
24.73910925,Control,190703
13.40354216,Control,190703
9.506940977,Control,190703
25.01675405,Control,190703
23.80564828,Control,190703
23.13547117,Control,190703
27.69746248,Control,190703
42.45093282,Control,190703
17.43417877,Control,190703
27.28578226,Control,190703
14.2987073,Control,190703
30.65102874,Control,190703
17.49162252,Control,190703
22.38391541,Control,190703
42.09669635,Control,190703
31.04834803,Control,190703
31.15366157,Control,190703
51.41694513,Control,190703
17.02728553,Control,190703
21.05792213,Control,190703
28.49210106,Control,190703
33.05409237,Control,190703
27.78841509,Control,190703
6.476783052,Control,190703
38.76974571,Control,190703
40.24892232,Control,190703
37.37673472,Control,190703
28.14265156,Control,190703
14.73432242,Control,190703
28.25753907,Control,190703
13.49449477,Control,190703
24.2173285,Control,190703
29.95212976,Control,190703
8.999521167000001,Control,190703
40.16754368,Control,190703
5.83532782,Control,190703
41.43130622,Control,190703
18.77931997,Control,190703
15.06941097,Control,190703
23.08760138,Control,190703
40.85208172,Control,190703
44.32264175,Control,190703
16.893250100000003,Control,190703
17.3575871,Control,190703
39.14791708,Control,190703
40.06223013,Control,190703
20.57443722,Control,190703
25.86883637,Control,190703
29.25801775,Control,190703
29.79415944,Control,190703
14.28913334,Control,190703
24.81570092,Control,190703
15.83532767,Control,190703
10.71325977,Control,190703
21.77118206,Control,190703
7.041646615,Control,190703
33.7194825,Control,190703
21.46960236,Control,190703
33.98755334,Control,190703
25.04068895,Control,190703
27.75011926,Control,190703
23.89181391,Control,190703
37.41981753,Control,190703
30.62230686,Control,190703
12.90569631,Control,190703
35.26088985,Control,190703
36.98898939,Control,190703
5.605552812000001,Control,190703
34.21254137,Control,190703
9.861177449,Control,190703
13.86787916,Control,190703
15.50023912,Control,190703
36.25179457,Control,190703
25.78267075,Control,190703
43.96361829999999,Control,190703
10.75155561,Control,190703
10.20105298,Control,190703
33.66203875,Control,190703
33.82000907,Control,190703
31.76639493,Control,190703
11.2398275,Control,190703
38.23360402,Control,190703
35.18908516,Control,190703
49.81809403,Control,190703
35.921493,Control,190703
37.44853941,Control,190703
51.38343628,Control,190703
30.99090427,Control,190703
38.24796496,Control,190703
44.41838133,Control,190703
30.67017666,Control,190703
21.87170862,Control,190703
27.81713697,Control,190703
34.01148824,Control,190703
16.9411199,Control,190703
7.060794532,Control,190703
16.53422665,Control,190703
26.68262286,Control,190703
33.76256531,Control,190703
50.94782116,Control,190703
37.25227326,Control,190703
12.99664892,Control,190703
27.78362811,Control,190703
32.24987984,Control,190703
10.13882225,Control,190703
10.55050247,Control,190703
37.44375243,Control,190703
37.46768733,Control,190703
10.89516499,Control,190703
15.43322141,Control,190703
19.63618927,Control,190703
13.05409267,Control,190703
49.07132526,Control,190703
30.67975062,Control,190703
42.46529376,Control,190703
7.505983611,Control,190703
11.82862596,Control,190703
33.31258925,Control,190703
25.66299626,Control,190703
23.499281600000003,Control,190703
25.74916189,Control,190703
9.784585779,Control,190703
11.89564367,Control,190703
31.31641887,Control,190703
8.616562819,Control,190703
38.76017175,Control,190703
37.14217273,Control,190703
38.932503,Control,190703
28.53518387,Control,190703
43.26950629,Control,190703
20.83293411,Control,190703
7.520344549,Control,190703
27.09909007,Control,190703
7.280995582,Control,190703
11.69937752,Control,190703
17.60651003,Control,190703
29.28673963,Control,190703
42.70464273,Control,190703
36.83580605,Control,190703
16.62517926,Control,190703
35.33269454,Control,190703
46.48156943,Control,190703
8.085208112,Control,190703
11.34514105,Control,190703
9.229296175,Control,190703
6.194351271,Control,190703
12.68070828,Control,190703
13.78171353,Control,190703
7.3049304789999985,Control,190703
19.25323092,Control,190703
12.82431766,Control,190703
53.50406813,Control,190703
34.78697889,Control,190703
6.165629395,Control,190703
29.04260368,Control,190703
10.66538998,Control,190703
9.463858163,Control,190703
13.49928175,Control,190703
7.032072656,Control,190703
31.67065534,Control,190703
18.60220173,Control,190703
7.51555757,Control,190703
14.07850625,Control,190703
7.309717458,Control,190703
8.386787811,Control,190703
8.09956905,Control,190703
13.36045935,Control,190703
5.299186134,Control,190703
7.44375288,Control,190703
12.99664892,Control,190703
34.54762993,Control,190703
9.602680564,Control,190703
11.9578744,Control,190703
15.99329799,Control,190703
45.02632771,Control,190703
9.92340818,Control,190703
11.25897542,Control,190703
10.50741966,Control,190703
7.616084136,Control,190703
11.01005249,Control,190703
18.85112466,Control,190703
17.64001888,Control,190703
9.751076924,Control,190703
14.24605053,Control,190703
7.29535652,Control,190703
18.97558612,Control,190703
13.68597394,Control,190703
28.65007137,Control,190703
9.401627432,Control,190703
7.213977871,Control,190703
7.654379971,Control,190703
29.54044953,Control,190703
14.57156512,Control,190703
8.104356029,Control,190703
5.246529361,Control,190703
12.22594524,Control,190703
20.89516484,Control,190703
35.97414977,Control,190703
19.29631374,Control,190703
32.40306318,Control,190703
23.30780243,Control,190703
12.85782652,Control,190703
17.65437982,Control,190703
16.17999018,Drug,190703
12.63762547,Drug,190703
17.18046887,Drug,190703
11.25418844,Drug,190703
19.33939655,Drug,190703
8.137864885,Drug,190703
11.80469106,Drug,190703
5.83532782,Drug,190703
6.337960651,Drug,190703
13.97797968,Drug,190703
17.18046887,Drug,190703
9.645763378,Drug,190703
9.262805031,Drug,190703
8.626136778,Drug,190703
12.86740048,Drug,190703
7.218764851,Drug,190703
10.13882225,Drug,190703
19.95212991,Drug,190703
12.78602183,Drug,190703
10.03829568,Drug,190703
25.80181866,Drug,190703
20.79942525,Drug,190703
17.36237408,Drug,190703
14.04978437,Drug,190703
14.16945886,Drug,190703
13.45619894,Drug,190703
11.88606971,Drug,190703
7.199616933,Drug,190703
21.34035392,Drug,190703
9.420775349,Drug,190703
7.874581021,Drug,190703
34.37529867,Drug,190703
35.21302005,Drug,190703
26.32838639,Drug,190703
12.6998562,Drug,190703
6.108185643,Drug,190703
16.52943967,Drug,190703
8.085208112,Drug,190703
17.51555742,Drug,190703
27.3240781,Drug,190703
13.11153642,Drug,190703
22.93920502,Drug,190703
11.60363793,Drug,190703
7.59214924,Drug,190703
34.68166535,Drug,190703
10.7994254,Drug,190703
5.347055927,Drug,190703
5.404499679,Drug,190703
34.74868306,Drug,190703
16.16562924,Drug,190703
36.11297217,Drug,190703
14.68645263,Drug,190703
3.437051169,Drug,190703
16.35232144,Drug,190703
20.26807054,Drug,190703
14.00670156,Drug,190703
21.57012892,Drug,190703
7.041646615,Drug,190703
23.87745297,Drug,190703
6.218286168,Drug,190703
15.07898493,Drug,190703
13.24557184,Drug,190703
8.669219592000001,Drug,190703
30.18190476,Drug,190703
11.19674469,Drug,190703
6.71134504,Drug,190703
9.593106605,Drug,190703
12.59454265,Drug,190703
23.68597379,Drug,190703
9.99999985,Drug,190703
18.29583505,Drug,190703
12.61847755,Drug,190703
16.036380800000003,Drug,190703
5.629487709,Drug,190703
14.68166565,Drug,190703
8.889420642000001,Drug,190703
14.84442295,Drug,190703
9.095260754,Drug,190703
28.58305366,Drug,190703
47.35279967,Drug,190703
7.544279446,Drug,190703
28.54475783,Drug,190703
7.850646124,Drug,190703
15.20823338,Drug,190703
14.61943492,Drug,190703
7.44375288,Drug,190703
14.86357086,Drug,190703
7.467687777,Drug,190703
10.01914777,Drug,190703
19.82766844,Drug,190703
18.90378143,Drug,190703
20.08616533,Drug,190703
3.35567252,Drug,190703
11.12972697,Drug,190703
21.05313515,Drug,190703
41.65150727,Drug,190703
22.88176126,Drug,190703
13.04451871,Drug,190703
8.597414902,Drug,190703
8.262326348,Drug,190703
11.35950198,Drug,190703
28.21445625,Drug,190703
24.03063631,Drug,190703
11.57012907,Drug,190703
19.45907103,Drug,190703
11.43130667,Drug,190703
15.36620369,Drug,190703
11.60842491,Drug,190703
8.358065935,Drug,190703
18.16658661,Drug,190703
7.821924247999999,Drug,190703
10.27285767,Drug,190703
29.88511204,Drug,190703
17.91766368,Drug,190703
8.712302406000001,Drug,190703
7.611297157,Drug,190703
19.57395854,Drug,190703
16.175203200000002,Drug,190703
15.10770681,Drug,190703
24.91144051,Drug,190703
27.48204841,Drug,190703
13.45619894,Drug,190703
11.88606971,Drug,190703
13.14504528,Drug,190703
10.66538998,Drug,190703
15.03111514,Drug,190703
17.96553348,Drug,190703
22.71900397,Drug,190703
12.34561973,Drug,190703
16.06510268,Drug,190703
14.42316876,Drug,190703
17.22355168,Drug,190703
10.42125403,Drug,190703
12.48444213,Drug,190703
11.47917647,Drug,190703
14.75347034,Drug,190703
7.649592992,Drug,190703
25.07898478,Drug,190703
8.042125298,Drug,190703
25.63906137,Drug,190703
9.904260263,Drug,190703
15.33269484,Drug,190703
12.47486817,Drug,190703
8.989947208,Drug,190703
16.73049281,Drug,190703
34.64815649,Drug,190703
10.84729519,Drug,190703
6.4672090939999975,Drug,190703
21.54140705,Drug,190703
26.20871191,Drug,190703
17.41981783,Drug,190703
14.78697919,Drug,190703
14.1838198,Drug,190703
4.868357993,Drug,190703
4.988032476,Drug,190703
18.43944443,Drug,190703
34.53805597,Drug,190703
12.78602183,Drug,190703
9.741502965,Drug,190703
13.1163234,Drug,190703
16.04116778,Drug,190703
8.324557079,Drug,190703
20.3015794,Drug,190703
16.46242196,Drug,190703
8.3197701,Drug,190703
16.56294853,Drug,190703
24.40880768,Drug,190703
37.60172275,Drug,190703
11.71852543,Drug,190703
15.81139277,Drug,190703
10.94303478,Drug,190703
7.381522147999999,Drug,190703
2.905696462,Drug,190703
9.420775349,Drug,190703
23.37482014,Drug,190703
9.200574299,Drug,190703
15.16993754,Drug,190703
12.24030618,Drug,190703
10.12446131,Drug,190703
13.38918123,Drug,190703
13.07802757,Drug,190703
14.74868336,Drug,190703
13.30780258,Drug,190703
7.678314867999999,Drug,190703
8.051699257000001,Drug,190703
16.21828602,Drug,190703
10.98611759,Drug,190703
16.85495427,Drug,190703
10.60794623,Drug,190703
13.88702708,Drug,190703
13.37482029,Drug,190703
4.140737133,Drug,190703
6.893250255,Drug,190703
26.30445150000001,Drug,190703
13.10674944,Drug,190703
10.54571549,Drug,190703
13.72905676,Drug,190703
8.449018542000001,Drug,190703
9.865964428,Drug,190703
12.65677339,Drug,190703
9.784585779,Drug,190703
16.55337457,Drug,190703
9.578745667,Drug,190703
10.00478683,Drug,190703
7.683101847,Drug,190703
24.44710351,Drug,190703
11.60842491,Drug,190703
7.869794042,Drug,190703
17.43417877,Drug,190703
14.83963597,Drug,190703
17.53949232,Drug,190703
28.02776406,Drug,190703
12.54188588,Drug,190703
17.59693607,Drug,190703
14.64336981,Drug,190703
15.93106726,Drug,190703
6.816658586,Drug,190703
16.8022975,Drug,190703
15.42843443,Drug,190703
46.65868767,Drug,190703
21.79032997,Drug,190703
17.64001888,Drug,190703
9.377692535,Drug,190703
14.1838198,Drug,190703
8.736237303,Drug,190703
0.928673993,Drug,190703
19.57874552,Drug,190703
18.10435588,Drug,190703
12.26424108,Drug,190703
7.3049304789999985,Drug,190703
10.97654364,Drug,190703
10.84250821,Drug,190703
19.55481062,Drug,190703
21.52704611,Drug,190703
15.97415007,Drug,190703
8.066060195,Drug,190703
12.07276191,Drug,190703
11.47438949,Drug,190703
15.94542819,Drug,190703
12.04882701,Drug,190703
11.73767335,Drug,190703
10.13403527,Drug,190703
24.11680194,Drug,190703
10.77070352,Drug,190703
16.90282406,Drug,190703
9.961704015,Drug,190703
12.13499264,Drug,190703
13.82479635,Drug,190703
18.77931997,Drug,190703
15.05026306,Drug,190703
14.74389638,Drug,190703
16.28530373,Drug,190703
18.8176158,Drug,190703
15.36620369,Drug,190703
12.46529421,Drug,190703
11.656294699999998,Drug,190703
8.425083645,Drug,190703
13.73863072,Drug,190703
9.937769118,Drug,190703
14.91144066,Drug,190703
20.22020075,Drug,190703
25.44279521,Drug,190703
17.92723764,Drug,190703
9.143130547,Drug,190703
11.53662022,Drug,190703
42.92484378,Drug,190703
12.81953068,Drug,190703
21.83819977,Drug,190703
9.597893585,Drug,190703
8.798468033999999,Drug,190703
17.53949232,Drug,190703
48.08999449,Drug,190703
20.17711793,Drug,190703
25.60555251,Drug,190703
4.763044447,Drug,190703
12.1445666,Drug,190703
11.18717073,Drug,190703
4.619435067,Drug,190703
7.66395393,Drug,190703
14.81091409,Drug,190703
16.51029176,Drug,190703
11.33078011,Drug,190703
14.59071304,Drug,190703
23.70990869,Drug,190703
31.05792198,Drug,190703
10.57443737,Drug,190703
20.49305857,Drug,190703
11.5653421,Drug,190703
8.918142518,Drug,190703
12.20201035,Drug,190703
27.08951611,Drug,190703
13.95883177,Drug,190703
14.15509792,Drug,190703
17.67352774,Drug,190703
12.34083275,Drug,190703
29.34897036,Drug,190703
20.31115336,Drug,190703
15.14600264,Drug,190703
17.35280012,Drug,190703
14.07850625,Drug,190703
12.17328847,Drug,190703
9.588319626,Drug,190703
25.46194313,Drug,190703
12.16850149,Drug,190703
16.16562924,Drug,190703
14.22211563,Drug,190703
10.11010037,Drug,190703
3.79128764,Drug,190703
7.352800272,Drug,190703
5.816179902999999,Drug,190703
26.65390099,Drug,190703
28.8989943,Drug,190703
18.95165122,Drug,190703
26.30923847,Drug,190703
15.66778339,Drug,190703
22.25945395,Drug,190703
26.48156973,Drug,190703
16.47199592,Drug,190703
19.59789343,Drug,190703
12.54188588,Drug,190703
14.26041147,Drug,190703
21.09621797,Drug,190703
30.42125373,Drug,190703
18.89420747,Drug,190703
8.157012802,Drug,190703
27.24269945,Drug,190703
7.946385711,Drug,190703
9.100047733,Drug,190703
13.14504528,Drug,190703
11.35950198,Drug,190703
19.87553824,Drug,190703
15.05505004,Drug,190703
21.05313515,Drug,190703
28.76974586,Drug,190703
11.34514105,Drug,190703
9.090473774,Drug,190703
16.6634751,Drug,190703
24.64336966,Drug,190703
9.48300608,Drug,190703
9.104834712,Drug,190703
9.19578732,Drug,190703
11.80469106,Drug,190703
19.80373355,Drug,190703
13.65725207,Drug,190703
20.6941117,Drug,190703
8.707515427,Drug,190703
21.67065549,Drug,190703
33.83915698,Drug,190703
26.85495412,Drug,190703
19.56438458,Drug,190703
16.01244591,Drug,190703
15.23216827,Drug,190703
11.59406397,Drug,190703
22.54188573,Drug,190703
6.06031585,Drug,190703
31.73767305,Drug,190703
10.60794623,Drug,190703
15.48587818,Drug,190703
14.92101462,Drug,190703
16.45284801,Drug,190703
22.13020551,Drug,190703
12.21158431,Drug,190703
14.69602659,Drug,190703
11.17280979,Drug,190703
17.52513138,Drug,190703
26.88846298,Drug,190703
22.943992,Drug,190703
22.2020102,Drug,190703
15.05505004,Drug,190703
17.74533243,Drug,190703
16.64911416,Drug,190703
18.70751528,Drug,190703
32.89133507,Drug,190703
11.09143114,Drug,190703
17.13738605,Drug,190703
13.19770205,Drug,190703
14.274772400000002,Drug,190703
29.98563861,Drug,190703
12.25466712,Drug,190703
23.81522224,Drug,190703
17.51555742,Drug,190703
33.21684967,Drug,190703
27.7405453,Drug,190703
14.3226422,Drug,190703
17.92245066,Drug,190703
18.34849183,Drug,190703
14.05457135,Drug,190703
11.58449001,Drug,190703
13.86787916,Drug,190703
17.7740543,Drug,190703
10.35423632,Drug,190703
31.86213451,Drug,190703
15.05983702,Drug,190703
13.50885571,Drug,190703
33.77692625,Drug,190703
13.31737654,Drug,190703
17.23312564,Drug,190703
13.24078487,Drug,190703
11.23504052,Drug,190703
17.62565794,Drug,190703
26.09861138,Drug,190703
7.438965901,Drug,190703
27.81713697,Drug,190703
10.3829582,Drug,190703
12.72857808,Drug,190703
13.27429372,Drug,190703
12.77166089,Drug,190703
13.303015599999998,Drug,190703
12.47008119,Drug,190703
14.94973649,Drug,190703
17.15174699,Drug,190703
20.64624191,Drug,190703
27.87458072,Drug,190703
10.01436079,Drug,190703
19.78458563,Drug,190703
31.71373815,Drug,190703
20.28243148,Drug,190703
10.83293426,Drug,190703
16.00287195,Drug,190703
10.31594049,Drug,190703
20.89995182,Drug,190703
11.18238375,Drug,190703
28.042125,Drug,190703
15.03590212,Drug,190703
14.92101462,Drug,190703
16.82623239,Drug,190703
6.366682527999999,Drug,190703
26.23743378,Drug,190703
8.745811261,Drug,190703
20.43082784,Drug,190703
17.59693607,Drug,190703
12.07754888,Drug,190703
34.629008574496005,Control,190711
34.705600244,Control,190711
46.90761059185601,Control,190711
39.1335561372,Control,190711
19.439923115984,Control,190711
31.565341794336,Control,190711
23.52800347576,Control,190711
31.21110532288,Control,190711
7.831498206784,Control,190711
45.543321478816,Control,190711
5.184298629552,Control,190711
36.443273745872,Control,190711
18.578266834064,Control,190711
13.934896870384,Control,190711
39.190999889328,Control,190711
17.04164646464,Control,190711
22.829104491536,Control,190711
29.22450889512,Control,190711
47.745331977056,Control,190711
23.202488880368,Control,190711
26.443273896256,Control,190711
23.590234207232,Control,190711
30.56486311144,Control,190711
39.339396248992,Control,190711
34.15509761944,Control,190711
28.678793249904,Control,190711
18.57347985472,Control,190711
23.24078471512,Control,190711
27.017711417536,Control,190711
37.252273255008,Control,190711
36.701770630448,Control,190711
42.302536462928,Control,190711
21.775969035856,Control,190711
30.210626639984003,Control,190711
28.908568258416,Control,190711
47.338438732816,Control,190711
40.679750465312,Control,190711
12.651986406192,Control,190711
17.850645973776,Control,190711
16.333173521728,Control,190711
5.792245006240001,Control,190711
41.45524111904,Control,190711
17.750119407552,Control,190711
17.979894416064,Control,190711
41.689803106896,Control,190711
23.317376384624,Control,190711
25.193872287472,Control,190711
46.098611082720005,Control,190711
19.942555947104,Control,190711
33.781713230608,Control,190711
30.488271441936003,Control,190711
40.392531704672,Control,190711
42.862613046176,Control,190711
31.957874100544,Control,190711
35.509812773792,Control,190711
37.209190440912,Control,190711
19.10004758256,Control,190711
50.33508780216,Control,190711
39.526088443408,Control,190711
39.712780637824,Control,190711
54.279558781616,Control,190711
33.097175184415995,Control,190711
43.80086099760001,Control,190711
41.828625507872,Control,190711
32.28817567528,Control,190711
30.48348446259201,Control,190711
22.92963105776,Control,190711
33.796074168640004,Control,190711
51.474388886032,Control,190711
28.0038291624,Control,190711
19.875538236288,Control,190711
22.584968544992,Control,190711
44.983244895568,Control,190711
46.76878819088,Control,190711
41.330779656096,Control,190711
17.927237643279994,Control,190711
25.686931159904,Control,190711
20.914312753936,Control,190711
36.969841473712,Control,190711
39.39684000112,Control,190711
20.99090442344,Control,190711
38.286260793312,Control,190711
54.54762962488,Control,190711
35.213020054464,Control,190711
35.940640914752,Control,190711
42.139779165232,Control,190711
27.170894756544,Control,190711
25.710866056624,Control,190711
28.57826668368,Control,190711
25.768309808752,Control,190711
24.7726181052,Control,190711
19.947342926448,Control,190711
35.648635174768,Control,190711
53.054092069552,Control,190711
20.24892262512,Control,190711
36.874101886832,Control,190711
52.996648317424,Control,190711
53.513642086576006,Control,190711
32.781234547712,Control,190711
34.600286698432,Control,190711
40.440401498112,Control,190711
25.686931159904,Control,190711
24.925801444208,Control,190711
27.45332653784,Control,190711
25.078984783216,Control,190711
16.022019864368,Control,190711
36.797510217328,Control,190711
22.230732073536,Control,190711
25.749161891376,Control,190711
32.651986105424,Control,190711
24.55720403472,Control,190711
15.595978702752,Control,190711
18.57347985472,Control,190711
39.0138816536,Control,190711
49.70320652875201,Control,190711
54.748682757328,Control,190711
35.217807033808,Control,190711
48.51603565144,Control,190711
15.883197463392,Control,190711
24.404020695712,Control,190711
23.058879500048,Control,190711
25.050262907152,Control,190711
6.0555288701600025,Control,190711
11.39301083872,Control,190711
31.924365245136,Control,190711
19.593106454992,Control,190711
34.260411165008,Control,190711
28.113929687312,Control,190711
22.800382615472003,Control,190711
28.166586460096003,Control,190711
39.363331145712,Control,190711
26.558161400512,Control,190711
25.026328010432,Control,190711
22.66634719384,Control,190711
48.793680453392,Control,190711
24.959310299616,Control,190711
33.920535631584,Control,190711
38.721875913616,Control,190711
34.341789813856,Control,190711
21.402584647024,Control,190711
49.243656511728,Control,190711
34.595499719088004,Control,190711
25.189085308128,Control,190711
34.911440355792,Control,190711
18.535184019968,Control,190711
18.027764209504,Control,190711
30.229774557359995,Control,190711
22.058400817152,Control,190711
33.168979874576,Control,190711
34.279559082384,Control,190711
36.88367584552,Control,190711
9.037817001472,Control,190711
40.737194217440006,Control,190711
16.912398022352,Control,190711
38.697941016896,Control,190711
42.474867719312,Control,190711
53.499281148544,Control,190711
7.936811752352001,Control,190711
17.64001888264,Control,190711
19.109621541248,Control,190711
45.91191888830401,Control,190711
36.974628453056,Control,190711
50.014360186112,Control,190711
26.826232243776,Control,190711
15.974150070928,Control,190711
35.193872137088,Control,190711
13.705121861872,Control,190711
39.573958236848,Control,190711
50.181904463152,Control,190711
33.623742912256,Control,190711
9.248444092608,Control,190711
15.12685472704,Control,190711
33.738630416511995,Control,190711
35.007179942672,Control,190711
30.66060269832,Control,190711
35.562469546576,Control,190711
43.264719311072,Control,190711
36.280516448176,Control,190711
54.011487938352005,Control,190711
25.303972812384,Control,190711
27.482048413904,Control,190711
45.299185532272,Control,190711
8.190521657584,Control,190711
26.342747330032,Control,190711
32.513163704448,Control,190711
44.78219176312,Control,190711
32.187649109056004,Control,190711
26.83101922312,Control,190711
41.196744234464,Control,190711
25.342268647136,Control,190711
34.274772103040014,Control,190711
24.614647786848,Control,190711
20.339875232656,Control,190711
40.344661911232,Control,190711
49.463857561552,Control,190711
6.457635135056,Control,190711
47.22355122856,Control,190711
23.676399835424,Control,190711
33.446624676528,Control,190711
27.649592690944,Control,190711
45.347055325712006,Control,190711
5.993298138688001,Control,190711
35.294398703312,Control,190711
35.993297687536,Control,190711
26.471995772320003,Control,190711
21.790329973888007,Control,190711
46.931545488576,Control,190711
13.78650051072,Control,190711
28.544757828272,Control,190711
51.65150712176,Control,190711
24.035423286224,Control,190711
32.809956423776,Control,190711
18.616562668816,Control,190711
52.958352482672005,Control,190711
31.661081381216,Control,190711
24.897079568144,Control,190711
52.814743102352,Control,190711
47.764479894432,Control,190711
13.662039047776,Control,190711
50.655815418208,Control,190711
33.456198635216,Control,190711
49.40162683007999,Control,190711
38.161799330368,Control,190711
13.216849968784,Control,190711
41.254187986592,Control,190711
53.30301499544001,Control,190711
41.436093201664,Control,190711
19.909047091696,Control,190711
23.973192554752004,Control,190711
34.169458557472,Control,190711
30.34466206161601,Control,190711
35.624700278048,Control,190711
21.383436729648,Control,190711
31.220679281568,Control,190711
25.581617614336,Control,190711
38.276686834624,Control,190711
18.295835052768,Control,190711
14.533269288383998,Control,190711
51.010051889664,Control,190711
6.108185642944,Control,190711
5.519387183631999,Control,190711
6.854954420607999,Control,190711
15.62948755816,Control,190711
9.626615460784,Control,190711
38.066059743488005,Control,190711
31.110578756656,Control,190711
22.077548734528,Control,190711
22.350406557136,Control,190711
46.500717347616,Control,190711
16.807084476784,Control,190711
27.750119257168,Control,190711
31.531832938928,Control,190711
32.508376725104,Control,190711
10.38774517648,Control,190711
48.209668973424,Control,190711
23.40832899216,Control,190711
41.88606926,Control,190711
39.68405876176,Control,190711
26.127333259552003,Control,190711
31.771181906128,Control,190711
9.923408180112,Control,190711
22.695069069904,Control,190711
28.640497415152,Control,190711
32.374341303472,Control,190711
47.443752278384,Control,190711
30.052656321632,Control,190711
23.437050868224,Control,190711
31.445667310736,Control,190711
14.753470338208,Control,190711
19.966490843824,Control,190711
28.621349497776,Control,190711
9.483006080464,Control,190711
48.49210075472,Control,190711
45.682143879792,Control,190711
33.24557154408,Control,190711
33.623742912256,Control,190711
14.643369813296,Control,190711
43.020583364528,Control,190711
50.0239341448,Control,190711
53.920535330816,Control,190711
17.137386051520007,Control,190711
27.970320306992,Control,190711
31.685016277936,Control,190711
40.971756205296,Control,190711
33.58066009816,Control,190711
30.186691743264,Control,190711
45.696504817824,Control,190711
51.900430047648,Control,190711
32.786021527056,Control,190711
40.23456138632,Control,190711
24.24605037736,Control,190711
29.564384428544003,Control,190711
35.08855859152,Control,190711
48.89899399896,Control,190711
13.274293720912,Control,190711
42.575394285536,Control,190711
35.993297687536,Control,190711
26.653900987392,Control,190711
23.824796195088,Control,190711
45.768309507984,Control,190711
29.58831932526401,Control,190711
29.760650581648,Control,190711
38.741023830992,Control,190711
53.073239986928,Control,190711
21.919578416176,Control,190711
47.573000720672,Control,190711
48.44423096128001,Control,190711
28.26711302632,Control,190711
35.165150261024,Control,190711
28.405935427296,Control,190711
41.833412487216,Control,190711
12.273815038016,Control,190711
31.215892302224,Control,190711
19.65055020712,Control,190711
31.708951174656,Control,190711
38.233604020528,Control,190711
28.061272914528,Control,190711
16.318812583696,Control,190711
47.7501189564,Control,190711
35.361416414128,Control,190711
27.879367699456,Control,190711
31.364288661888,Control,190711
39.214934786048005,Drug,190711
40.579223899088,Drug,190711
39.46864469128,Drug,190711
36.95548053568,Drug,190711
37.884154528416,Drug,190711
44.20775424184,Drug,190711
25.093345721248003,Drug,190711
22.561033648272,Drug,190711
54.758256716016,Drug,190711
29.358544316752,Drug,190711
36.247007592768,Drug,190711
31.517472000896,Drug,190711
44.001914130048,Drug,190711
33.303015296208,Drug,190711
54.55241660422401,Drug,190711
35.68693100952,Drug,190711
38.788893624432,Drug,190711
52.517950383024,Drug,190711
34.935375252512,Drug,190711
35.39971224888,Drug,190711
10.277644651568,Drug,190711
38.434657152976,Drug,190711
21.32599297752,Drug,190711
31.024413128464,Drug,190711
24.566777993408,Drug,190711
42.685494810448,Drug,190711
35.993297687536,Drug,190711
53.958831165568,Drug,190711
29.77501151968,Drug,190711
27.745332277824,Drug,190711
15.787457876512,Drug,190711
20.095739286112,Drug,190711
9.157491485072,Drug,190711
24.198180583920003,Drug,190711
44.538055816576005,Drug,190711
33.954044486992004,Drug,190711
39.095260302448,Drug,190711
14.088080209392,Drug,190711
49.028242441248,Drug,190711
10.406893093856,Drug,190711
15.89277142208,Drug,190711
22.608903441712,Drug,190711
34.212541371568,Drug,190711
25.840114498912,Drug,190711
28.918142217104,Drug,190711
18.109142858352,Drug,190711
25.68214418056,Drug,190711
40.689324424,Drug,190711
43.58544692712,Drug,190711
22.532311772208,Drug,190711
41.45524111904,Drug,190711
27.4054567444,Drug,190711
41.905217177376,Drug,190711
52.182861828944,Drug,190711
14.092867188736,Drug,190711
35.883197162624,Drug,190711
34.107227826,Drug,190711
34.60986065712,Drug,190711
23.992340472128,Drug,190711
28.487314076144,Drug,190711
38.951650922128,Drug,190711
21.364288812272,Drug,190711
20.981330464752,Drug,190711
27.7644801952,Drug,190711
32.345619427408,Drug,190711
27.462900496528,Drug,190711
24.298707150144,Drug,190711
36.941119597648,Drug,190711
39.545236360784,Drug,190711
20.641454931328003,Drug,190711
34.595499719088004,Drug,190711
48.717088783888,Drug,190711
26.677835884112,Drug,190711
32.671134022800004,Drug,190711
15.710866207008,Drug,190711
38.851124355904005,Drug,190711
21.656294552256,Drug,190711
12.383915562928,Drug,190711
46.00287149584,Drug,190711
40.703685362032,Drug,190711
27.084729128352,Drug,190711
54.911440055024,Drug,190711
23.714695670176,Drug,190711
38.75059778968,Drug,190711
33.89181375552,Drug,190711
24.2939201708,Drug,190711
18.86069861536,Drug,190711
44.274771952656,Drug,190711
23.939683699344,Drug,190711
50.746768025744,Drug,190711
30.287218309488,Drug,190711
28.683580229248,Drug,190711
37.663953478592,Drug,190711
30.248922474736,Drug,190711
50.110099772992,Drug,190711
25.715653035968,Drug,190711
32.450932972976,Drug,190711
42.79559533536,Drug,190711
26.59167025592,Drug,190711
50.114886752336,Drug,190711
26.8070843264,Drug,190711
44.322641746096,Drug,190711
37.702249313344005,Drug,190711
17.505983461008,Drug,190711
21.99617008568,Drug,190711
45.849688156832,Drug,190711
23.532790455104,Drug,190711
32.005743893984,Drug,190711
30.9956912524,Drug,190711
35.844901327872,Drug,190711
31.158448550096,Drug,190711
39.765437410608,Drug,190711
47.099089765616,Drug,190711
48.08520751048,Drug,190711
36.419338849152005,Drug,190711
12.977501001584,Drug,190711
25.20344624616,Drug,190711
26.385830144128,Drug,190711
29.808520375088,Drug,190711
17.362374080688,Drug,190711
10.426041011232,Drug,190711
22.144566445344,Drug,190711
51.211105022112,Drug,190711
34.997605983983995,Drug,190711
38.477739967072,Drug,190711
23.26471961184,Drug,190711
36.036380501632,Drug,190711
21.196744535232,Drug,190711
31.771181906128,Drug,190711
17.869793891152,Drug,190711
37.807562858912,Drug,190711
42.455719801936,Drug,190711
15.41407348768,Drug,190711
31.57012877368,Drug,190711
40.454762436144,Drug,190711
17.850645973776,Drug,190711
35.667783092144,Drug,190711
29.51172765576,Drug,190711
38.669219140832,Drug,190711
22.580181565648,Drug,190711
29.267591709216,Drug,190711
25.246529060256,Drug,190711
39.7319285552,Drug,190711
28.214456253536,Drug,190711
44.25562403528,Drug,190711
51.50311076209601,Drug,190711
42.082335413104,Drug,190711
51.565341493568,Drug,190711
47.92245021278401,Drug,190711
28.104355728624,Drug,190711
21.416945585056,Drug,190711
34.01148823912,Drug,190711
24.15031079048,Drug,190711
26.42412597888,Drug,190711
46.404977760736,Drug,190711
14.940162532624,Drug,190711
34.313067937792,Drug,190711
40.526567126304,Drug,190711
50.78985083984,Drug,190711
29.123982328896,Drug,190711
25.433221254672,Drug,190711
38.252751937904,Drug,190711
39.03781655032,Drug,190711
31.52225898024,Drug,190711
49.100047131408,Drug,190711
44.504546961168,Drug,190711
26.658687966736004,Drug,190711
41.493536953792,Drug,190711
41.101004647584,Drug,190711
34.528482008272,Drug,190711
18.568692875376,Drug,190711
22.613690421056,Drug,190711
43.853517770384,Drug,190711
25.36620354385601,Drug,190711
24.576351952096,Drug,190711
45.806605342736,Drug,190711
11.498324384288,Drug,190711
28.113929687312,Drug,190711
29.171852122336,Drug,190711
19.262804880256,Drug,190711
44.648156341488,Drug,190711
16.141694347968,Drug,190711
25.007180093056,Drug,190711
43.197701600256,Drug,190711
37.88894150776,Drug,190711
43.772139121536,Drug,190711
41.177596317088,Drug,190711
33.925322610928,Drug,190711
35.653422154112,Drug,190711
39.837242100768,Drug,190711
26.85495411984,Drug,190711
32.714216836896,Drug,190711
37.02728522584,Drug,190711
41.775968735088,Drug,190711
28.6022015804,Drug,190711
31.292483971728,Drug,190711
28.19530833616,Drug,190711
21.196744535232,Drug,190711
35.433221104288,Drug,190711
49.631401838592,Drug,190711
9.746289944384,Drug,190711
23.12111023152,Drug,190711
35.897558100656,Drug,190711
29.454283903632003,Drug,190711
37.084728977968,Drug,190711
22.383915412544,Drug,190711
30.047869342288,Drug,190711
33.044518411632,Drug,190711
32.302536613312,Drug,190711
33.681186664384,Drug,190711
43.475346402208,Drug,190711
35.868836224592,Drug,190711
43.638103699904,Drug,190711
28.21924323288,Drug,190711
24.882718630112,Drug,190711
43.37003285664,Drug,190711
44.652943320832,Drug,190711
29.401627130848,Drug,190711
29.5595974492,Drug,190711
45.33269438767999,Drug,190711
17.103877196112002,Drug,190711
42.920056798304,Drug,190711
14.633795854608,Drug,190711
24.930588423552,Drug,190711
36.35710811768,Drug,190711
38.142651412992,Drug,190711
31.086643859936,Drug,190711
24.50933424128,Drug,190711
28.176160418784,Drug,190711
35.562469546576,Drug,190711
38.994733736224,Drug,190711
31.613211587776,Drug,190711
49.540449231056,Drug,190711
17.453326688224,Drug,190711
28.176160418784,Drug,190711
22.336045619104,Drug,190711
31.685016277936,Drug,190711
41.71852498296,Drug,190711
30.665389677664,Drug,190711
28.501675014176,Drug,190711
40.756342134816,Drug,190711
26.577309317888,Drug,190711
40.933460370544,Drug,190711
19.617041351712,Drug,190711
42.470080739968,Drug,190711
18.176160569168,Drug,190711
36.285303427520006,Drug,190711
41.124939544304,Drug,190711
46.61560485187199,Drug,190711
28.717089084656,Drug,190711
20.186691893648,Drug,190711
45.495451685376,Drug,190711
52.58496809384,Drug,190711
17.08951625808,Drug,190711
51.99138265518401,Drug,190711
26.18477701168,Drug,190711
22.604116462368,Drug,190711
32.369554324128,Drug,190711
29.143130246272,Drug,190711
40.224987427632,Drug,190711
36.950693556336,Drug,190711
21.51747215128,Drug,190711
47.66874030755201,Drug,190711
32.699855898864,Drug,190711
31.842986596288,Drug,190711
54.983244745184,Drug,190711
27.649592690944,Drug,190711
14.423168763472,Drug,190711
5.356629885936,Drug,190711
8.147438843487999,Drug,190711
9.664911295536,Drug,190711
53.882239496064,Drug,190711
16.141694347968,Drug,190711
36.754427403232,Drug,190711
32.915269969344,Drug,190711
12.580181716032,Drug,190711
54.95452286912,Drug,190711
27.865006761424,Drug,190711
27.032072355568,Drug,190711
40.885590577104,Drug,190711
31.18717042616,Drug,190711
35.56725652592,Drug,190711
27.400669765056,Drug,190711
43.781713080224,Drug,190711
39.798946266016,Drug,190711
54.135949401296,Drug,190711
50.631880521488,Drug,190711
25.122067597312004,Drug,190711
35.801818513776,Drug,190711
47.60650957608,Drug,190711
44.322641746096,Drug,190711
24.700813415039995,Drug,190711
53.456198334448,Drug,190711
34.231689288944004,Drug,190711
48.669218990448,Drug,190711
22.80995657416,Drug,190711
9.62182848144,Drug,190711
27.778841133232003,Drug,190711
36.266155510144,Drug,190711
20.928673691968,Drug,190711
42.044039578352,Drug,190711
42.26902760752,Drug,190711
38.48731392576,Drug,190711
24.921014464864,Drug,190711
41.077069750864,Drug,190711
46.012445454528,Drug,190711
39.87553793552,Drug,190711
26.237433784464,Drug,190711
40.727620258752,Drug,190711
33.709908540448,Drug,190711
53.06366602824,Drug,190711
12.340832748832,Drug,190711
35.078984632832,Drug,190711
37.893728487104,Drug,190711
13.197702051408,Drug,190711
42.522737512752,Drug,190711
27.137385901136,Drug,190711
18.291048073424,Drug,190711
16.984202712512,Drug,190711
6.175203353759999,Drug,190711
42.398276049808,Drug,190711
46.586882975808,Drug,190711
46.668261624656,Drug,190711
33.011009556224,Drug,190711
47.424604361008,Drug,190711
27.726184360448,Drug,190711
21.330779956864,Drug,190711
28.664432311872,Drug,190711
38.48731392576,Drug,190711
26.237433784464,Drug,190711
42.441358863904,Drug,190711
47.5107699892,Drug,190711
17.108664175456,Drug,190711
26.921971830656,Drug,190711
25.53853480024,Drug,190711
41.21589215184,Drug,190711
48.439443981936,Drug,190711
17.659166800016,Drug,190711
28.061272914528,Drug,190711
18.520823081936,Drug,190711
52.723790494816,Drug,190711
30.928673541584,Drug,190711
34.901866397104,Drug,190711
27.683101546352,Drug,190711
48.214455952768,Drug,190711
37.348012841888,Drug,190711
12.240306182607998,Drug,190711
34.078505949936,Drug,190711
37.927237342512,Drug,190711
38.803254562464,Drug,190711
54.944948910432,Drug,190711
16.098611533872006,Drug,190711
43.087601075344,Drug,190711
37.663953478592,Drug,190711
25.92149314776,Drug,190711
37.802775879568,Drug,190711
36.23743363408,Drug,190711
18.257539218016,Drug,190711
39.999999398464,Drug,190711
23.685973794112,Drug,190711
26.778362450336,Drug,190711
19.080899665184,Drug,190711
8.549545108384,Drug,190711
24.561991014064,Drug,190711
11.718525434112,Drug,190711
34.29870699976,Drug,190711
39.238869682768005,Drug,190711
15.739588083072,Drug,190711
32.020104832016,Drug,190711
